5010450713,sikharin,kadeeroj,sikarin.k@ku.th,22,Java Developer
5510450012,korrakot,traivichien,korrakot.t@ku.th,27,Java Developer
5110450497,piettipong,onsud,piettipong.o@ku.th,23,Web Developer
5010450555,itsales,singtaveesak,itsales.s@ku.th,22,Web Developer
5010456453,kajagy,pontaku,kajagy.p@ku.th,421,Data Sciencist
5916565565,pattalapon,pontaku,pattalapon.p@ku.th,31,Mobile Developer
5816545454,Jody,onsud,jody.o@ku.th,30,System Admin
5954545485,steven,gerrard,steven.g@ku.th,31,Java Developer
5845454112,john,terry,john.t@ku.th,30,IoT/Web developer
5010450586,tanya,pontaku,tanya.p@ku.th,22,Web developer
52501045058,fdgfdg,fdvgdsg,tanya.h@ku.th,22,Web developer
1111111111,fdgfdg,fdvgdsg,fdhfdgsdgad,22,Web developer
564646546,fdgfdg,fdvgdsg,cdvsdvsdvsdv,20,Web developer
